-- INSERTS PARA EMPRESA
INSERT INTO EMPRESA (ID_EMPRESA, NOMBRE, CIUDAD) VALUES (1, 'Tech Solutions', 'Ciudad de México');
INSERT INTO EMPRESA (ID_EMPRESA, NOMBRE, CIUDAD) VALUES (2, 'Innovatech', 'Guadalajara');
INSERT INTO EMPRESA (ID_EMPRESA, NOMBRE, CIUDAD) VALUES (3, 'GlobalSoft', 'Monterrey');

-- INSERTS PARA EMPLEADO
INSERT INTO EMPLEADO (ID_EMPLEADO, NOMBRE, PUESTO, SALARIO, ID_EMPRESA) VALUES (1, 'Dario Simon', 'Desarrollador', 25000, 1);
INSERT INTO EMPLEADO (ID_EMPLEADO, NOMBRE, PUESTO, SALARIO, ID_EMPRESA) VALUES (2, 'Uziel DIaz', 'Analista', 22000, 1);
INSERT INTO EMPLEADO (ID_EMPLEADO, NOMBRE, PUESTO, SALARIO, ID_EMPRESA) VALUES (3, 'Megan Hernandez', 'Tester', 18000, 2);
INSERT INTO EMPLEADO (ID_EMPLEADO, NOMBRE, PUESTO, SALARIO, ID_EMPRESA) VALUES (4, 'Mariela Francisco', 'Project Manager', 30000, 3);

-- INSERTS PARA PROYECTO
INSERT INTO PROYECTO (ID_PROYECTO, NOMBRE, PRESUPUESTO, ID_EMPRESA) VALUES (1, 'Sistema Contable', 500000, 1);
INSERT INTO PROYECTO (ID_PROYECTO, NOMBRE, PRESUPUESTO, ID_EMPRESA) VALUES (2, 'App Móvil', 300000, 1);
INSERT INTO PROYECTO (ID_PROYECTO, NOMBRE, PRESUPUESTO, ID_EMPRESA) VALUES (3, 'Web Corporativa', 400000, 2);
INSERT INTO PROYECTO (ID_PROYECTO, NOMBRE, PRESUPUESTO, ID_EMPRESA) VALUES (4, 'ERP Interno', 600000, 3);

-- INSERTS PARA ASIGNACION
INSERT INTO ASIGNACION (ID_ASIGNACION, ID_EMPLEADO, ID_PROYECTO, HORAS) VALUES (1, 1, 1, 120);
INSERT INTO ASIGNACION (ID_ASIGNACION, ID_EMPLEADO, ID_PROYECTO, HORAS) VALUES (2, 2, 1, 100);
INSERT INTO ASIGNACION (ID_ASIGNACION, ID_EMPLEADO, ID_PROYECTO, HORAS) VALUES (3, 3, 3, 80);
INSERT INTO ASIGNACION (ID_ASIGNACION, ID_EMPLEADO, ID_PROYECTO, HORAS) VALUES (4, 4, 4, 150);
INSERT INTO ASIGNACION (ID_ASIGNACION, ID_EMPLEADO, ID_PROYECTO, HORAS) VALUES (5, 1, 2, 60);
